DateID,Date
2007Nov16,2007 Nov 16
2004Apr01,2004 Apr 01
2004FebXX,2004 Feb
2006SepXX,2006 Sep
2005Jun01,2005 Jun 01
2006Jun01,2006 Jun 01
2006Sep15,2006 Sep 15
2007Apr15,2007 Apr 15
2003Apr18,2003 Apr 18
2006MarXX,2006 Mar
2006Jun30,2006 Jun 30
2006OctXX,2006 Oct
2005JulXX,2005 Jul
2003AugXX,2003 Aug
2006FebXX,2006 Feb
2006JulXX,2006 Jul
2007JanXX,2007 Jan
2006AprXX,2006 Apr
2006JunXX,2006 Jun
2006JanXX,2006 Jan
2003SepXX,2003 Sep
2003JanXX,2003 Jan
2003Feb21,2003 Feb 21
2003NovXX,2003 Nov
2006JanXX,2006 Jan
2006NovXX,2006 Nov
2006Nov01,2006 Nov 01
2006May05,2006 May 05
2006JanXX,2006 Jan
2006JanXX,2006 Jan
2006May05,2006 May 05
1995Aug25,1995 Aug 25
2005Nov16,2005 Nov 16
2004Jul01,2004 Jul 01
2004DecXX,2004 Dec
2003Sep26,2003 Sep 26
2003Aug01,2003 Aug 01
2006May26,2006 May 26
2006SepXX,2006 Sep
1995Nov03,1995 Nov 03
1995Jul18,1995 Jul 18
2003MarXX,2003 Mar
1997Dec12,1997 Dec 12
1999JanXX,1999 Jan
1997Nov14,1997 Nov 14
1997Aug15,1997 Aug 15
1997Oct31,1997 Oct 31
2006Mar17,2006 Mar 17
2006Nov17,2006 Nov 17
2005FebXX,2005 Feb
2005FebXX,2005 Feb
2005Jan15,2005 Jan 15
2005Jul22,2005 Jul 22
2005FebXX,2005 Feb
2005MarXX,2005 Mar
2005Jun24,2005 Jun 24
2005JanXX,2005 Jan
2004May01,2004 May 01
2003MarXX,2003 Mar
2005DecXX,2005 Dec
2005Jun01,2005 Jun 01
2005Feb11,2005 Feb 11
2005MarXX,2005 Mar
2005JanXX,2005 Jan
2004Jun01,2004 Jun 01
2004JulXX,2004 Jul
2004NovXX,2004 Nov
2006SepXX,2006 Sep
2006AugXX,2006 Aug
2005OctXX,2005 Oct
2004MayXX,2004 May
2004MarXX,2004 Mar
2004Feb15,2004 Feb 15
1994Sep30,1994 Sep 30
1994Dec01,1994 Dec 01
2005Sep30,2005 Sep 30
2005NovXX,2005 Nov
2003DecXX,2003 Dec
1996Jul19,1996 Jul 19
1999Feb15,1999 Feb 15
2005JulXX,2005 Jul
2006MarXX,2006 Mar
2005JanXX,2005 Jan
2005JulXX,2005 Jul
2005JunXX,2005 Jun
2005Apr15,2005 Apr 15
2004NovXX,2004 Nov
2004NovXX,2004 Nov
2005NovXX,2005 Nov
2004Apr23,2004 Apr 23
2005Jul15,2005 Jul 15
2004Aug20,2004 Aug 20
2003OctXX,2003 Oct
2006MarXX,2006 Mar
1995Dec01,1995 Dec 01
1995Dec01,1995 Dec 01
1994AugXX,1994 Aug
2003Apr04,2003 Apr 04
2004NovXX,2004 Nov
2003Sep05,2003 Sep 05
2003Nov14,2003 Nov 14
2004MarXX,2004 Mar
2004AprXX,2004 Apr
2004Jul09,2004 Jul 09
2004MarXX,2004 Mar
2007OctXX,2007 Oct
2004Oct15,2004 Oct 15
2005Apr15,2005 Apr 15
2006JulXX,2006 Jul
2005SepXX,2005 Sep
2005Jan17,2005 Jan 17
2005Aug12,2005 Aug 12
2005Aug31,2005 Aug 31
2006JulXX,2006 Jul
2006Jun15,2006 Jun 15
2007MayXX,2007 May
2006Feb20,2006 Feb 20
2006FebXX,2006 Feb
2006FebXX,2006 Feb
2006JunXX,2006 Jun
2006Sep04,2006 Sep 04
2006XXXX,2006
2006JulXX,2006 Jul
2006JunXX,2006 Jun
2006Mar24,2006 Mar 24
2005DecXX,2005 Dec
2006MarXX,2006 Mar
2006Sep05,2006 Sep 05
2006AprXX,2006 Apr
2004AugXX,2004 Aug
2005JulXX,2005 Jul
2005SepXX,2005 Sep
2005DecXX,2005 Dec
2006FebXX,2006 Feb
2006Apr14,2006 Apr 14
2006FebXX,2006 Feb
2006Oct15,2006 Oct 15
2006Mar17,2006 Mar 17
2006Feb24,2006 Feb 24
2005MayXX,2005 May
2005DecXX,2005 Dec
2005JulXX,2005 Jul
2005Jul04,2005 Jul 04
2005FebXX,2005 Feb
2005Jul29,2005 Jul 29
2005Aug01,2005 Aug 01
2005Mar14,2005 Mar 14
2005Apr01,2005 Apr 01
2005AugXX,2005 Aug
2005Mar30,2005 Mar 30
2004Feb01,2004 Feb 01
2004Nov30,2004 Nov 30
2004Apr09,2004 Apr 09
2004DecXX,2004 Dec
2004Jun15,2004 Jun 15
2004JanXX,2004 Jan
2004Sep30,2004 Sep 30
2004Aug04,2004 Aug 04
2004JunXX,2004 Jun
2005JanXX,2005 Jan
2005XXXX,2005
2004Feb01,2004 Feb 01
2004NovXX,2004 Nov
2005DecXX,2005 Dec
2000May05,2000 May 05
2004Mar12,2004 Mar 12
2004Mar12,2004 Mar 12
2005AprXX,2005 Apr
2007AprXX,2007 Apr
2006OctXX,2006 Oct
2004Dec15,2004 Dec 15
2006AprXX,2006 Apr
2005FebXX,2005 Feb
2006OctXX,2006 Oct
2006MayXX,2006 May
2006Oct03,2006 Oct 03
2005Feb18,2005 Feb 18
2006AprXX,2006 Apr
2003May30,2003 May 30
2007JanXX,2007 Jan
2007MayXX,2007 May
2007Dec01,2007 Dec 01
2007MarXX,2007 Mar
2007Dec21,2007 Dec 21
2007DecXX,2007 Dec
2007Apr13,2007 Apr 13
2008OctXX,2008 Oct
2007NovXX,2007 Nov
2007NovXX,2007 Nov
2007MarXX,2007 Mar
2007Mar18,2007 Mar 18
2007FebXX,2007 Feb
2007Jul25,2007 Jul 25
2007JanXX,2007 Jan
2007MarXX,2007 Mar
2007Nov15,2007 Nov 15
2007Apr01,2007 Apr 01
2007OctXX,2007 Oct
2007AugXX,2007 Aug
2007NovXX,2007 Nov
2007Mar02,2007 Mar 02
2007Apr12,2007 Apr 12
2007Oct26,2007 Oct 26
2007Dec01,2007 Dec 01
2007AugXX,2007 Aug
2007AugXX,2007 Aug
2007NovXX,2007 Nov
2007AprXX,2007 Apr
2007Sep01,2007 Sep 01
2007JanXX,2007 Jan
2007JanXX,2007 Jan
2007MayXX,2007 May
2007MayXX,2007 May
2007AprXX,2007 Apr
2007Oct15,2007 Oct 15
2007JunXX,2007 Jun
2008XXXX,2008
2008Dec01,2008 Dec 01
2008OctXX,2008 Oct
2007FebXX,2007 Feb
2007JulXX,2007 Jul
2007SepXX,2007 Sep
2007Jun22,2007 Jun 22
2007NovXX,2007 Nov
2008OctXX,2008 Oct
2008SepXX,2008 Sep
2008Jul10,2008 Jul 10
2008JunXX,2008 Jun
2008Aug01,2008 Aug 01
2008AprXX,2008 Apr
2008Feb15,2008 Feb 15
2008XXXX,2008
2008FebXX,2008 Feb
2008JunXX,2008 Jun
2008AprXX,2008 Apr
2008JunXX,2008 Jun
2008Nov07,2008 Nov 07
2008MarXX,2008 Mar
2008Feb19,2008 Feb 19
2008Apr25,2008 Apr 25
2008SepXX,2008 Sep
2008NovXX,2008 Nov
2008JanXX,2008 Jan
2008JunXX,2008 Jun
2008NovXX,2008 Nov
2008Apr22,2008 Apr 22
2008Jan09,2008 Jan 09
2008Jun01,2008 Jun 01
2008Jun06,2008 Jun 06
2008OctXX,2008 Oct
2008Nov12,2008 Nov 12
2008NovXX,2008 Nov
2008XXXX,2008
2008MarXX,2008 Mar
2008DecXX,2008 Dec
2008NovXX,2008 Nov
2008AugXX,2008 Aug
2008JulXX,2008 Jul
2008Sep01,2008 Sep 01
2008DecXX,2008 Dec
2008MarXX,2008 Mar
2008May15,2008 May 15
2008DecXX,2008 Dec
2008AprXX,2008 Apr
2009Feb15,2009 Feb 15
2008Feb26,2008 Feb 26
2008XXXX,2008
2008May23,2008 May 23
2008SepXX,2008 Sep
2008AprXX,2008 Apr
2008Aug30,2008 Aug 30
2008Sep10,2008 Sep 10
2008NovXX,2008 Nov
2008OctXX,2008 Oct
2008Oct31,2008 Oct 31
2010JanXX,2010 Jan
2009Jan09,2009 Jan 09
2009FebXX,2009 Feb
2009Jun01,2009 Jun 01
2009Apr01,2009 Apr 01
2009FebXX,2009 Feb
2009Feb11,2009 Feb 11
2009Dec15,2009 Dec 15
2009SepXX,2009 Sep
2009MayXX,2009 May
2009AprXX,2009 Apr
2009Apr17,2009 Apr 17
2010AprXX,2010 Apr
2009Apr01,2009 Apr 01
2009Jun05,2009 Jun 05
2009May15,2009 May 15
2008JunXX,2008 Jun
2009JanXX,2009 Jan
2009FebXX,2009 Feb
2009AprXX,2009 Apr
2009AugXX,2009 Aug
2009Jul23,2009 Jul 23
2009MarXX,2009 Mar
2009MarXX,2009 Mar
2009JulXX,2009 Jul
2009Jun26,2009 Jun 26
2009May01,2009 May 01
2009Sep04,2009 Sep 04
2009JulXX,2009 Jul
2009Sep08,2009 Sep 08
2009Oct15,2009 Oct 15
2009Apr10,2009 Apr 10
2009XXXX,2009
2009XXXX,2009
2009May01,2009 May 01
2009OctXX,2009 Oct
2009JunXX,2009 Jun
2009SepXX,2009 Sep
2009XXXX,2009
2009SepXX,2009 Sep
2009FebXX,2009 Feb
2009OctXX,2009 Oct
2009DecXX,2009 Dec
2009XXXX,2009
2009FebXX,2009 Feb
2009JanXX,2009 Jan
2009MarXX,2009 Mar
2009NovXX,2009 Nov
2009Jul01,2009 Jul 01
2009Sep25,2009 Sep 25
2009DecXX,2009 Dec
2009XXXX,2009
2009DecXX,2009 Dec
2010Jan15,2010 Jan 15
2010Mar01,2010 Mar 01
2010JanXX,2010 Jan
2010JanXX,2010 Jan
2010AprXX,2010 Apr
2010XXXX,2010
2010MarXX,2010 Mar
2010Apr15,2010 Apr 15
2010Feb03,2010 Feb 03
2010AprXX,2010 Apr
2010JunXX,2010 Jun
2009Jun18,2009 Jun 18
2009OctXX,2009 Oct
2010AugXX,2010 Aug
2010AugXX,2010 Aug
2011NovXX,2011 Nov
2010FebXX,2010 Feb
2010Jan01,2010 Jan 01
2010Mar01,2010 Mar 01
2010AprXX,2010 Apr
2010JanXX,2010 Jan
2010JunXX,2010 Jun
2010May25,2010 May 25
2011AugXX,2011 Aug
2006Jun09,2006 Jun 09
2005AugXX,2005 Aug
2004XXXX,2004
2005JunXX,2005 Jun
2004AugXX,2004 Aug
2006JulXX,2006 Jul
2003FebXX,2003 Feb
2004FebXX,2004 Feb
2004AprXX,2004 Apr
2004Oct19,2004 Oct 19
2005JanXX,2005 Jan
2005SepXX,2005 Sep
2005XXXX,2005
2005AprXX,2005 Apr
2005May17,2005 May 17
2005May24,2005 May 24
2005MayXX,2005 May
2005AugXX,2005 Aug
2005SepXX,2005 Sep
2005Oct12,2005 Oct 12
2005Nov15,2005 Nov 15
2006SepXX,2006 Sep
2007NovXX,2007 Nov
2007Aug07,2007 Aug 07
2007SepXX,2007 Sep
2007AugXX,2007 Aug
2006Aug08,2006 Aug 08
2006Jul15,2006 Jul 15
2006MarXX,2006 Mar
2007FebXX,2007 Feb
2005AprXX,2005 Apr
2004Oct01,2004 Oct 01
2005Jul14,2005 Jul 14
2005JulXX,2005 Jul
2005JunXX,2005 Jun
2005MarXX,2005 Mar
2004SepXX,2004 Sep
2004Nov19,2004 Nov 19
2000AprXX,2000 Apr
2000Apr03,2000 Apr 03
1999DecXX,1999 Dec
1999Dec23,1999 Dec 23
2001Jan19,2001 Jan 19
2000Oct06,2000 Oct 06
2000NovXX,2000 Nov
1999JulXX,1999 Jul
2001Nov06,2001 Nov 06
2000Nov17,2000 Nov 17
1999Jan22,1999 Jan 22
2000Sep18,2000 Sep 18
2000DecXX,2000 Dec
1999NovXX,1999 Nov
2001NovXX,2001 Nov
2000Sep01,2000 Sep 01
1999Dec20,1999 Dec 20
1998XXXX,1998
2000Jun23,2000 Jun 23
1998Apr01,1998 Apr 01
1999Nov12,1999 Nov 12
1999MayXX,2000 Aug-Sep
2000OctXX,1999 May
1999JanXX,2000 Oct
2000Oct01,1999 Jan
2001AugXX,2000 Oct 01
1998XXXX,2001 Aug
1999Sep21,1998
1999Jun01,1999 Sep 21
1999Mar01,1999 Jun 01
2000NovXX,1999 Mar 01
2000AugXX,2000 Nov
1998JunXX,2000 Aug
1998Jul09,1998 Jun
1998DecXX,1998 Jul 09
1999MayXX,1998 Dec
2000Mar30,1999 May
2000Jan18,2000 Mar 30
1999SepXX,2000 Jan 18
1998MarXX,1999 Sep
2001Oct30,1998 Mar
2001Aug01,2001 Oct 30
2000Feb25,2001 Aug 01
2000Sep16,1999 02
2000Jun15,2000 Feb 25
2000Jul26,2000 Sep 16
2000Jun01,2000 Jun 15
2000AprXX,2000 Jul 26
1990Jul27,2000 Jun 01
2008XXXX,2000 Apr
1995Nov21,1990 Jul 27
1995Nov28,2008
1990Jul27,1995 Nov 21
1995Sep08,1995 Nov 28
1993Dec27,1990 Jul 27
1993Sep25,1995 Sep 08
1994FebXX,1993 Dec 27
1994OctXX,1993 Sep 25
1995Mar28,1994 Feb
1995Apr14,1994 Oct
1990AugXX,1995 Mar 28
1996Jul09,1995 Apr 14
1995Sep08,1990 Aug
1995Apr21,1996 Jul 09
1995Jun16,1995 Sep 08
1995Jul14,1995 Apr 21
1995Jul15,1995 Jun 16
1995Oct06,1995 Jul 14
1994Apr26,1995 Jul 15
1995Jul14,1995 Oct 06
1995Apr14,1994 Apr 26
1995Mar24,1995 Jul 14
1994Jul19,1995 Apr 14
1993Aug01,1995 Mar 24
1996Mar29,1994 Jul 19
1996Mar28,1993 Aug 01
1996May27,1996 Mar 29
1996Jul26,1996 Mar 28
1996Aug02,1996 May 27
1996Aug13,1996 Jul 26
1996Apr26,1996 Aug 02
1996Oct11,1996 Aug 13
1996AugXX,1996 Apr 26
1996AugXX,1996 Oct 11
1996NovXX,1996 Aug
1996FebXX,1996 Aug
1996Dec15,1996 Nov
1996AugXX,1996 Feb
1997Jan01,1996 Dec 15
1997FebXX,1996 Aug
1997AprXX,1997 Jan 01
1997Apr12,1997 Feb
1997MayXX,1997 Apr
1996SepXX,1997 Apr 12
1997Jun10,1997 May
1997Jun27,1996 Sep
1997Jun15,1997 Jun 10
1996MayXX,1997 Jun 27
1996AugXX,1997 Jun 15
1996AugXX,1996 May
1996OctXX,1996 Aug
1997Sep29,1996 Aug
1997Aug07,1996 Oct
1997SepXX,1997 Sep 29
1997Oct27,1997 Aug 07
1996JunXX,1997 Sep
1996FebXX,1997 Oct 27
1997Mar07,1996 Jun
1997DecXX,1996 Feb
1997Dec10,1997 Mar 07
1998Jan16,1997 Dec
1998Apr03,1997 Dec 10
2001AugXX,1998 Jan 16
2003Sep26,1998 Apr 03
2003DecXX,2001 Aug
2003Dec05,2003 Sep 26
2003Jun15,2003 Dec
2002AugXX,2003 Dec 05
2002Nov08,2003 Jun 15
2002Dec15,2002 Aug
2002JanXX,2002 Nov 08
2003NovXX,2002 Dec 15
2002MarXX,2002 Jan
2001JulXX,2003 Nov
2002Jun01,2002 Mar
2002Aug19,2001 Jul
2002JunXX,2002 Jun 01
2001Jun01,2002 Aug 19
2002AugXX,2002 Jun
2002DecXX,2001 Jun 01
2003JanXX,2002 Aug
2002JunXX,2002 Dec
2002Apr01,2003 Jan
2003Apr15,2002 Jun
2003Aug15,2002 Apr 01
2003Dec04,2003 Apr 15
2001May28,2003 Aug 15
2001FebXX,2003 Dec 04
2002MarXX,2001 May 28
2003AugXX,2001 Feb
2003Feb01,2002 Mar
2003AprXX,2003 Aug
2001Jul27,2003 Feb 01
2003NovXX,2003 Apr
2003JanXX,2001 Jul 27
2002NovXX,2003 Nov
2002Jul26,2003 Jan
2001JanXX,2002 Nov
2003NovXX,2002 Jul 26
2001Jun08,2001 Jan
2001Mar30,2003 Nov
2003JanXX,2001 Jun 08
2002JunXX,2001 Mar 30
2001DecXX,2003 Jan
2001JanXX,2002 Jun
2001JanXX,2001 Dec
2002DecXX,2001 Jan
2002DecXX,2001 Jan
2003JanXX,2002 Dec
2002NovXX,2002 Dec
2001MarXX,2003 Jan
2003Apr15,2002 Nov
2002Jun28,2001 Mar
2002Nov15,2003 Apr 15
2002DecXX,2002 Jun 28
1998MarXX,2002 Nov 15
1998FebXX,2002 Dec
1998Apr10,1998 Mar
1998JunXX,1998 Feb
1997XXXX,1998 Apr 10
1998JunXX,1998 Jun
1998XXXX,1997
1995JunXX,1998 Jun
1998Dec22,1998
1996Aug09,1995 Jun
2000JulXX,1998 Dec 22
2000Apr14,1996 Aug 09
2004Jun15,2000 Jul
2003MarXX,2000 Apr 14
2004MarXX,2004 Jun 15
2003Aug08,2003 Mar
2003NovXX,2004 Mar
2002Sep02,2003 Aug 08
2002Mar01,2003 Nov
2008NovXX,2002 Sep 02
2007Jul01,2002 Mar 01
1993Jun15,2008 Nov
1993Jun15,2007 Jul 01
2010Jul16,1993 Jun 15
2010Aug17,1993 Jun 15
2010May05,2010 Jul 16
2010MayXX,2010 Aug 17
2010Aug10,2010 May 05
2010SepXX,2010 May
2004Sep03,2010 Aug 10
2010OctXX,2010 Sep
2010Dec17,2004 Sep 03
2010OctXX,2010 Oct
2010OctXX,2010 Dec 17
2010DecXX,2010 Oct
2010DecXX,2010 Oct
2010DecXX,2010 Dec
2010SepXX,2010 Dec
2010OctXX,2010 Dec
2010NovXX,2010 Sep
2010Oct31,2010 Oct
2010DecXX,2010 Nov
2010Oct11,2010 Oct 31
2010JulXX,2010 Dec
2010Aug27,2010 Oct 11
2010Jul26,2010 Jul
2010OctXX,2010 Aug 27
2010Nov15,2010 Jul 26
2010OctXX,2010 Oct
2010Jul23,2010 Nov 15
2010OctXX,2010 Oct
2010Aug15,2010 Jul 23
2010Jun15,2010 Oct
2010NovXX,2010 Aug 15
2011FebXX,2010 Jun 15
2010MayXX,2010 Nov
2010JunXX,2011 Feb
2010Jul16,2010 May
2010JunXX,2010 Jun
1992Oct01,2010 Jul 16
2010Nov10,2010 Jun
2011Feb18,1992 Oct 01
2010NovXX,2010 Nov 10
2011JanXX,2011 Feb 18
2010Nov16,2010 Nov
2011JanXX,2011 Jan
2010Nov30,2010 Nov 16
2011FebXX,2011 Jan
2010XXXX,2010 Nov 30
2011Jan20,2011 Feb
2010Dec20,2010
2010DecXX,2011 Jan 20
2010Nov15,2010 Dec 20
2011JanXX,2010 Dec
2010XXXX,2010 Nov 15
2011MarXX,2011 Jan
2011Apr10,2010
2009Jul23,2011 Mar
2004Aug07,2011 Apr 10
2004MarXX,2009 Jul 23
2008JunXX,2004 Aug 07
1998Jan15,2004 Mar
2011Mar24,2008 Jun
2011FebXX,1998 Jan 15
2011AprXX,2011 Mar 24
2011MayXX,2011 Feb
2011Apr30,2011 Apr
2011Jan11,2011 May
2011Jan28,2011 Apr 30
2011Mar06,2011 Jan 11
2011Feb17,2011 Jan 28
2011Jun21,2011 Mar 06
2011Mar30,2011 Feb 17
2011AprXX,2011 Jun 21
2011MayXX,2011 Mar 30
2011Feb17,2011 Apr
2011Feb17,2011 May
2011FebXX,2011 Feb 17
2011Feb22,2011 Feb 17
2011Aug18,2011 Feb
2011Mar08,2011 Feb 22
2011JanXX,2011 Aug 18
2011Mar15,2011 Mar 08
2003SepXX,2011 Jan
2000AprXX,2011 Mar 15
2000Jun08,2003 Sep
1992Jun15,2000 Apr
1995Oct02,2000 Jun 08
1996MarXX,1992 Jun 15
2001AugXX,1995 Oct 02
2009JanXX,1996 Mar
1994May01,2001 Aug
1996Jul01,2009 Jan
1999Jan08,1994 May 01
1999May15,1996 Jul 01
2009XXXX,1999 Jan 08
2009Mar09,1999 May 15
2008AugXX,2009
2008MarXX,2009 Mar 09
2008Nov15,2008 Aug
2008MarXX,2008 Mar
2007SepXX,2008 Nov 15
2001MayXX,2008 Mar
2006FebXX,2007 Sep
2001JulXX,2001 May
2006AugXX,2006 Feb
2007Aug15,2001 Jul
2002NovXX,2006 Aug
2004Jan29,2007 Aug 15
2000JunXX,2002 Nov
2007XXXX,2004 Jan 29
2003JanXX,2000 Jun
2004Jul16,2007
2010Feb03,2003 Jan
1994DecXX,2004 Jul 16
1996Mar05,2010 Feb 03
1995Dec12,1994 Dec
1992Jun15,1996 Mar 05
1998DecXX,1995 Dec 12
1999AprXX,1992 Jun 15
2000Feb18,1998 Dec
2001FebXX,1999 Apr
1995AprXX,2000 Feb 18
2001AprXX,2001 Feb
2001AugXX,1995 Apr
1998Jun23,2001 Apr
2002Sep20,2001 Aug
1993DecXX,1998 Jun 23
1996NovXX,2002 Sep 20
2003Mar14,1993 Dec
2003AugXX,1996 Nov
2003NovXX,2003 Mar 14
2002MayXX,2003 Aug
2010JulXX,2003 Nov
2010Apr23,2002 May
2009OctXX,2010 Jul
2002NovXX,2010 Apr 23
2009May22,2009 Oct
2008May23,2002 Nov
2004DecXX,2009 May 22
2011JunXX,2008 May 23
2011JulXX,2004 Dec
2011May04,2011 Jun
2011Apr18,2011 Jul
2011AugXX,2011 May 04
2011JunXX,2011 Apr 18
2011SepXX,2011 Aug
2011AugXX,2011 Jun
2011May06,2011 Sep
2011Nov21,2011 Aug
2011OctXX,2011 May 06
2011JunXX,2011 Nov 21
2011XXXX,2011 Oct
2011SepXX,2011 Jun
2011Jul15,2011
2011Jul08,2011 Sep
2011May24,2011 Jul 15
2005Sep22,2011 Jul 08
1999AprXX,2011 May 24
2001Feb01,2005 Sep 22
2001JulXX,1999 Apr
2001AprXX,2001 Feb 01
1994Oct28,2001 Jul
2002Jun07,2001 Apr
2005Mar18,1994 Oct 28
2006Apr08,2002 Jun 07
2008OctXX,2005 Mar 18
2009Feb19,2006 Apr 08
2004Apr30,2008 Oct
1992Aug01,2009 Feb 19
1996Jun01,2004 Apr 30
2001Oct10,1992 Aug 01
2003Sep01,1996 Jun 01
2011JanXX,2001 Oct 10
2011Apr26,2003 Sep 01
2011OctXX,2011 Jan
2009Sep15,2011 Apr 26
2009Feb11,2011 Oct
2006Apr15,2009 Sep 15
2003OctXX,2009 Feb 11
2002Feb05,2006 Apr 15
2001SepXX,2003 Oct
2007May11,2002 Feb 05
2008May06,2001 Sep
2008MarXX,2007 May 11
2008Jul24,2008 May 06
2009XXXX,2008 Mar
2008MarXX,2008 Jul 24
2001SepXX,2009
1999AugXX,2008 Mar
2005NovXX,2001 Sep
2011Mar15,1999 Aug
2011JunXX,2005 Nov
2010JulXX,2011 Mar 15
2009FebXX,2011 Jun
2008Oct07,2010 Jul
2007OctXX,2009 Feb
2007Sep04,2008 Oct 07
2005Oct07,2007 Oct
2005JulXX,2007 Sep 04
2004Jul20,2005 Oct 07
2003MarXX,2005 Jul
2003JanXX,2004 Jul 20
2001Oct23,2003 Mar
2002MayXX,2003 Jan
2003May30,2001 Oct 23
2005NovXX,2002 May
2006OctXX,2003 May 30
2008Dec01,2005 Nov
2009MayXX,2006 Oct
2010AugXX,2008 Dec 01
2001DecXX,2009 May
2004OctXX,2010 Aug
2006AprXX,2001 Dec
2006Feb20,2004 Oct
2004Jul20,2006 Apr
2007MayXX,2006 Feb 20
2009FebXX,2004 Jul 20
2009JanXX,2007 May
2010FebXX,2009 Feb
2007Aug01,2009 Jan
2009Nov18,2010 Feb
2008XXXX,2007 Aug 01
2003XXXX,2009 Nov 18
2007Aug02,2008
2008Jan31,2003
2002FebXX,2007 Aug 02
2006May12,2008 Jan 31
2003Nov26,2002 Feb
2009May26,2006 May 12
2010JulXX,2003 Nov 26
2010OctXX,2009 May 26
2010MayXX,2010 Jul
1995Mar14,2010 Oct
1999SepXX,2010 May
2000AprXX,1995 Mar 14
2002MayXX,1999 Sep
2002Dec27,2000 Apr
2003Aug15,2002 May
2003Nov01,2002 Dec 27
2005JanXX,2003 Aug 15
2005JunXX,2003 Nov 01
2005SepXX,2005 Jan
2008MayXX,2005 Jun
2010DecXX,2005 Sep
2011JanXX,2008 May
1999Aug06,2010 Dec
2010Jun10,2011 Jan
2008Jun01,1999 Aug 06
2004Sep28,2010 Jun 10
2006JanXX,2008 Jun 01
2007Jun18,2004 Sep 28
1993Jun15,2006 Jan
1996Mar27,2007 Jun 18
1998Dec01,1993 Jun 15
1999DecXX,1996 Mar 27
2000JulXX,1998 Dec 01
2002MarXX,1999 Dec
2003Aug15,2000 Jul
2004OctXX,2002 Mar
2004NovXX,2003 Aug 15
2006JanXX,2004 Oct
2006Mar01,2004 Nov
2006MarXX,2006 Jan
2004JunXX,2006 Mar 01
2007XXXX,2006 Mar
2008AugXX,2004 Jun
2008Jul15,2007
1999AprXX,2008 Aug
2008AugXX,2008 Jul 15
2000JanXX,1999 Apr
2002Sep15,2008 Aug
2009Mar24,2000 Jan
1993XXXX,2002 Sep 15
????XXXX,2009 Mar 24
2005Jan15,1996 Nov-Dec
2011Jul18,1993
2011AugXX,????
2011Aug02,2005 Jan 15
2011Jul22,2011 Jul 18
2011Oct30,2011 Aug
2012JunXX,2011 Aug 02
2011SepXX,2011 Jul 22
2011Sep29,2011 Oct 30
2011XXXX,2012 Jun
2011XXXX,2011 Sep
2011XXXX,2011 Sep 29
2011Sep09,2011
2011Oct19,2011
2011XXXX,2011
2011Sep20,2011 Sep 09
2011AugXX,2011 Oct 19
2011Oct01,2011
2011Nov04,2011 Sep 20
2011DecXX,2011 Aug
2011Nov18,2011 Oct 01
1993Jun15,2011 Nov 04
2007Nov01,2011 Dec
2010Dec15,2011 Nov 18
????XXXX,1993 Jun 15
2011Dec29,2007 Nov 01
2012JulXX,2010 Dec 15
2011NovXX,????
2012MarXX,2011 Dec 29
2011XXXX,2012 Jul
2012MarXX,2011 Nov
2011DecXX,2012 Mar
2012JanXX,2011
2012MayXX,2012 Mar
2011Nov10,2011 Dec
2011Dec30,2012 Jan
2011NovXX,2012 May
2011DecXX,2011 Nov 10
1999JunXX,2011 Dec 30
2012JanXX,2011 Nov
2012Jan15,2011 Dec
2012XXXX,1999 Jun
2012MarXX,2012 Jan
2012Sep01,2012 Jan 15
2011XXXX,2012
2012JanXX,2012 Mar
2011XXXX,2012 Sep 01
2011Dec15,2011
2012MarXX,2012 Jan
2012Mar15,2011
2012Feb28,2011 Dec 15
2012MarXX,2012 Mar
2012Feb01,2012 Mar 15
2012JulXX,2012 Feb 28
2012Mar08,2012 Mar
2012Mar21,2012 Feb 01
2012Mar02,2012 Jul
2012MayXX,2012 Mar 08
2012AprXX,2012 Mar 21
2012MayXX,2012 Mar 02
2012XXXX,2012 May
2012MayXX,2012 Apr
2012Apr10,2012 May
2012AugXX,2012
2012DecXX,2012 May
2012JunXX,2012 Apr 10
2012XXXX,2012 Aug
2012XXXX,2012 Dec
2012May15,2012 Jun
2010Dec31,2012
2011Mar18,2012
2008Oct18,2012 May 15
2012May07,2010 Dec 31
2012Jun01,2011 Mar 18
2012May08,2008 Oct 18
2012Jun04,2012 May 07
2012May07,2012 Jun 01
2013AprXX,2012 May 08
2012MayXX,2012 Jun 04
2012XXXX,2012 May 07
2012Aug13,2013 Apr
2012JulXX,2012 May
2012JulXX,2012
2012XXXX,2012 Aug 13
2012Aug01,2012 Jul
2012Oct10,2012 Jul
2010FebXX,2012
2011XXXX,2012 Aug 01
2012Apr11,2012 Oct 10
2012JulXX,2010 Feb
2012Sep24,2011
2012Oct19,2012 Apr 11
2001Feb15,2012 Jul
2012NovXX,2012 Sep 24
2013AprXX,2012 Oct 19
2012NovXX,2001 Feb 15
2012Oct31,2012 Nov
2012DecXX,2013 Apr
2012Aug15,2012 Nov
2012Nov01,2012 Oct 31
2013JanXX,2012 Dec
2013Feb22,2012 Aug 15
2012OctXX,2012 Nov 01
2012Sep21,2013 Jan
2012Oct21,2013 Feb 22
2012Jul03,2012 Oct
2002FebXX,2012 Sep 21
2012SepXX,2012 Oct 21
2012Aug28,2012 Jul 03
1992OctXX,2002 Feb
1992Jun05,2012 Sep
1993DecXX,2012 Aug 28
1993Jun15,1992 Oct
1997Jul18,1992 Jun 05
1998Jul15,1993 Dec
1998Dec01,1993 Jun 15
1999Jun15,1997 Jul 18
1999AugXX,1998 Jul 15
2000OctXX,1998 Dec 01
2000Dec01,1999 Jun 15
2001Feb02,1999 Aug
2001FebXX,2000 Oct
2001AprXX,2000 Dec 01
2001JulXX,2001 Feb 02
2001AugXX,2001 Feb
2001OctXX,2001 Apr
2002JulXX,2001 Jul
2002JulXX,2001 Aug
2013JanXX,2001 Oct
2012XXXX,2002 Jul
2012NovXX,2002 Jul
2012XXXX,2013 Jan
2012Nov16,2012
2012Dec14,2012 Nov
2012Oct30,2012
2012Nov15,2012 Nov 16
2012NovXX,2012 Dec 14
2012Nov01,2012 Oct 30
2013JanXX,2012 Nov 15
2013JunXX,2012 Nov
2013JanXX,2012 Nov 01
2012NovXX,2013 Jan
2013MarXX,2013 Jun
2013AprXX,2013 Jan
2002MayXX,2012 Nov
2002DecXX,2013 Mar
2003FebXX,2013 Apr
2003JanXX,2002 May
2003Dec30,2002 Dec
2003SepXX,2003 Feb
2001JanXX,2003 Jan
2004JanXX,2003 Dec 30
2004Nov25,2003 Sep
2005FebXX,2001 Jan
2004Nov01,2004 Jan
2005MarXX,2004 Nov 25
2005Jan01,2005 Feb
2005Jan31,2004 Nov 01
2005AprXX,2005 Mar
2005NovXX,2005 Jan 01
2006MayXX,2005 Jan 31
2006AprXX,2005 Apr
2006Jun01,2005 Nov
2006Aug01,2006 May
2007MayXX,2006 Apr
2006SepXX,2006 Jun 01
2008Apr15,2006 Aug 01
2008MayXX,2007 May
2009XXXX,2006 Sep
2010AprXX,2008 Apr 15
2011JanXX,2008 May
2011Jan21,2009
2011Apr01,2010 Apr
????XXXX,2011 Jan
????XXXX,2011 Jan 21
2003NovXX,2011 Apr 01
2013JulXX,????
2013XXXX,????
2013XXXX,2003 Nov
2013XXXX,2013 Jul
2013XXXX,2013
2013XXXX,2013
2013XXXX,2013
2013Mar20,2013
2013MarXX,2013
2013Mar21,2013
2013AugXX,2013 Mar 20
2013AugXX,2013 Mar
2013JunXX,2013 Mar 21
2013May01,2013 Aug
2013Mar01,2013 Aug
2013MayXX,2013 Jun
2013XXXX,2013 May 01
2013FebXX,2013 Mar 01
2013AprXX,2013 May
2013Jul01,2013
1991Nov20,2013 Feb
2001MarXX,2013 Apr
2002MarXX,2013 Jul 01
2013Jun21,1991 Nov 20
2013Jun18,2001 Mar
2013Jun10,2002 Mar
2013XXXX,2013 Jun 21
2002NovXX,2013 Jun 18
2013XXXX,2013 Jun 10
2013XXXX,2013
2013AprXX,2002 Nov
2013JulXX,2013
2013OctXX,2013
2013AugXX,2013 Apr
2013JunXX,2013 Jul
2013MayXX,2013 Oct
2013MayXX,2013 Aug
2013JunXX,2013 Jun
2013JulXX,2013 May
2013Jun25,2013 May
2013Oct01,2013 Jun
2010JunXX,2013 Jul
2009Oct06,2013 Jun 25
2008OctXX,2013 Oct 01
2011Feb20,2010 Jun
2006Nov30,2009 Oct 06
2013Oct10,2008 Oct
2013Sep10,2011 Feb 20
2013Aug15,2006 Nov 30
2010Sep17,2013 Oct 10
2013DecXX,2013 Sep 10
2013AugXX,2013 Aug 15
2013AugXX,2010 Sep 17
2013JunXX,2013 Dec
2013MayXX,2013 Aug
2013AprXX,2013 Aug
2013XXXX,2013 Jun
2000Sep15,2013 May
2006Feb01,2013 Apr
1999JulXX,2013
1995Aug15,2000 Sep 15
2013XXXX,2006 Feb 01
2005Sep02,1999 Jul
2007AugXX,1995 Aug 15
2010JunXX,2013
2013OctXX,2005 Sep 02
2013Mar06,2007 Aug
2013Oct01,2010 Jun
2013XXXX,2013 Oct
2013SepXX,2013 Mar 06
2013Sep01,2013 Oct 01
2013Sep06,2013
2013Sep27,2013 Sep
2013Aug28,2013 Sep 01
2009Oct22,2013 Sep 06
2013XXXX,2013 Sep 27
2013DecXX,2013 Aug 28
2014Feb01,2009 Oct 22
2013JulXX,2013
2013AugXX,2013 Dec
2013Jul28,2014 Feb 01
2013DecXX,2013 Jul
2013OctXX,2013 Aug
2012MarXX,2013 Jul 28
2002May24,2013 Dec
2013OctXX,2013 Oct
2009Aug18,2012 Mar
1997Jun13,2002 May 24
2001Sep01,2013 Oct
2002Jan05,2009 Aug 18
2009Nov11,1997 Jun 13
2006Jan01,2001 Sep 01
2013OctXX,2002 Jan 05
2013XXXX,2009 Nov 11
2013OctXX,2006 Jan 01
2013Oct18,2013 Oct
2013Dec18,2013
2013XXXX,2013 Oct
2013XXXX,2013 Oct 18
2014Feb06,2013 Dec 18
2013Nov25,2013
2013Dec05,2013
2014FebXX,2014 Feb 06
2014MarXX,2013 Nov 25
2012JulXX,2013 Dec 05
2014AprXX,2014 Feb
2013NovXX,2014 Mar
2011Apr29,2012 Jul
2014JanXX,2014 Apr
2013NovXX,2013 Nov
2010Jun01,2011 Apr 29
2008JunXX,2014 Jan
2014Jan10,2013 Nov
2003Aug04,2010 Jun 01
2000XXXX,2008 Jun
2009AugXX,2014 Jan 10
2008Apr11,2003 Aug 04
2014MayXX,2000
2014AprXX,2009 Aug
2014MarXX,2008 Apr 11
2014Feb10,2014 May
2014Mar21,2014 Apr
2014Mar04,2014 Mar
2014FebXX,2014 Feb 10
2014MayXX,2014 Mar 21
2010JulXX,2014 Mar 04
2003Apr01,2014 Feb
2014XXXX,2014 May
2002Dec06,2010 Jul
2012FebXX,2003 Apr 01
2014MarXX,2014
2014MayXX,2002 Dec 06
2007JanXX,2012 Feb
2011Jul22,2014 Mar
2014MarXX,2014 May
2010Oct04,2007 Jan
2015JanXX,2011 Jul 22
2014AprXX,2014 Mar
2014Feb07,2010 Oct 04
2014MayXX,2015 Jan
1996Oct01,2014 Apr
1998JunXX,2014 Feb 07
2000JanXX,2014 May
2001XXXX,1996 Oct 01
2003NovXX,1998 Jun
1995SepXX,2000 Jan
2009May08,2001
2003FebXX,2003 Nov
2002JulXX,1995 Sep
2003MarXX,2009 May 08
2005JanXX,2003 Feb
2006Feb21,2002 Jul
1997MayXX,2003 Mar
1994Sep30,2005 Jan
1996Feb20,2006 Feb 21
1998Sep04,1997 May
2011AugXX,1994 Sep 30
2005OctXX,1996 Feb 20
2006MarXX,1998 Sep 04
2009FebXX,2011 Aug
2005JulXX,2005 Oct
2006XXXX,2006 Mar
2008Dec08,2009 Feb
1997Nov24,2005 Jul
1998Dec11,2006
2000Jan15,2008 Dec 08
1997Mar18,1997 Nov 24
1995Jan17,1998 Dec 11
1999Mar16,2000 Jan 15
1999JunXX,1997 Mar 18
1999Aug17,1995 Jan 17
1999Nov05,1999 Mar 16
2003FebXX,1999 Jun
1999Sep30,1999 Aug 17
1999Mar30,1999 Nov 05
1999Jul30,2003 Feb
2001Apr01,1999 Sep 30
2004JulXX,1999 Mar 30
2004MayXX,1999 Jul 30
2000Jul11,2001 Apr 01
2003Mar07,2004 Jul
2002Feb19,2004 May
2002Apr18,2000 Jul 11
1997Sep01,2003 Mar 07
2004Oct10,2002 Feb 19
2004DecXX,2002 Apr 18
2003Jun27,1997 Sep 01
2000DecXX,2004 Oct 10
2004MayXX,2004 Dec
2002AugXX,2003 Jun 27
1997Mar04,2000 Dec
1997OctXX,2004 May
1997JunXX,2002 Aug
1998MarXX,1997 Mar 04
2004JunXX,1997 Oct
1997Oct31,1997 Jun
1995MarXX,1998 Mar
1996Jul23,2004 Jun
1997Mar04,1997 Oct 31
1994Dec09,1995 Mar
1993Nov05,1996 Jul 23
1996Feb22,1997 Mar 04
1997Aug22,1994 Dec 09
2001MarXX,1993 Nov 05
2007FebXX,1996 Feb 22
2007Sep15,1997 Aug 22
2008XXXX,2001 Mar
2011XXXX,2007 Feb
2005NovXX,2007 Sep 15
2014Apr29,2008
2014Nov15,2011
2014SepXX,2005 Nov
2014SepXX,2014 Apr 29
2014XXXX,2014 Nov 15
2014AprXX,2014 Sep
2014NovXX,2014 Sep
2006May23,2014
2007Jul28,2014 Apr
2007Jul17,2014 Nov
2009MarXX,2006 May 23
2012Jul24,2007 Jul 28
2006Mar22,2007 Jul 17
2009Dec08,2009 Mar
2010OctXX,2012 Jul 24
2014Apr23,2006 Mar 22
2014JunXX,2009 Dec 08
2014Sep19,2010 Oct
2014NovXX,2014 Apr 23
2014Oct28,2014 Jun
2014Oct10,2014 Sep 19
2014NovXX,2014 Nov
2014NovXX,2014 Oct 28
2014Oct15,2014 Oct 10
2014XXXX,2014 Nov
2015JanXX,2014 Nov
2014Oct24,2014 Oct 15
2014NovXX,2014
2015JanXX,2015 Jan
2014XXXX,2014 Oct 24
2015FebXX,2014 Nov
2015Jan02,2015 Jan
2015MarXX,2014
2014Nov12,2015 Feb
2015FebXX,2015 Jan 02
2007Aug31,2015 Mar
2014OctXX,2014 Nov 12
2014Oct06,2015 Feb
2015JanXX,2007 Aug 31
2016XXXX,2014 Oct
2015Apr28,2014 Oct 06
2015JunXX,2015 Jan
2015AprXX,2016
2015AprXX,2015 Apr 28
2015Mar24,2015 Jun
2015XXXX,2015 Apr
2015MayXX,2015 Apr
2015Mar16,2015 Mar 24
2000MarXX,2015
2015XXXX,2015 May
2013JanXX,2015 Mar 16
2013May09,2000 Mar
2009JulXX,2015
2012May18,2013 Jan
2014XXXX,2013 May 09
2015XXXX,2009 Jul
2012JulXX,2012 May 18
2006AugXX,2014
2009NovXX,2015
2015NovXX,2012 Jul
2015XXXX,2006 Aug
2014Mar21,2009 Nov
2002Feb01,2015 Nov
2013May01,2015
2015AprXX,2014 Mar 21
2015XXXX,2002 Feb 01
2015May20,2013 May 01
2015JunXX,2015 Apr
2013Mar13,2015
2015Jul15,2015 May 20
2015JunXX,2015 Jun
2015Sep15,2013 Mar 13
2015Jun01,2015 Jul 15
2015Jul31,2015 Jun
2015Jun02,2015 Sep 15
2015Sep15,2015 Jun 01
2015OctXX,2015 Jul 31
2015Jul08,2015 Jun 02
2015Sep09,2015 Sep 15
2015FebXX,2015 Oct
2015MayXX,2015 Jul 08
2015JulXX,2015 Sep 09
2015Aug07,2015 Feb
2015JunXX,2015 May
2015SepXX,2015 Jul
2015AugXX,2015 Aug 07
2015NovXX,2015 Jun
2015NovXX,2015 Sep
2015AugXX,2015 Aug
2016MayXX,2015 Nov
2015XXXX,2015 Nov
2015XXXX,2015 Aug
2015OctXX,2016 May
2015XXXX,2015
2015Aug24,2015
2015Sep30,2015 Oct
2015Jul16,2015
2015XXXX,2015 Aug 24
2015Aug20,2015 Sep 30
2016JanXX,2015 Jul 16
2015AugXX,2015
2015Dec15,2015 Aug 20
2015OctXX,2016 Jan
2015Oct15,2015 Aug
2015NovXX,2015 Dec 15
2016XXXX,2015 Oct
2015XXXX,2015 Oct 15
2015OctXX,2015 Nov
2015Nov15,2016
2004Aug31,2015
2004MarXX,2015 Oct
2004Aug15,2015 Nov 15
2005Jan01,2004 Aug 31
2005SepXX,2004 Mar
2015NovXX,2004 Aug 15
2016Jan04,2005 Jan 01
2016FebXX,2005 Sep
2016JanXX,2015 Nov
2016FebXX,2016 Jan 04
2015NovXX,2016 Feb
2015SepXX,2016 Jan
2016JanXX,2016 Feb
2016Feb01,2015 Nov
2016MarXX,2015 Sep
2015Nov10,2016 Jan
2016JanXX,2016 Feb 01
2016MarXX,2016 Mar
2015Dec20,2015 Nov 10
2015XXXX,2016 Jan
2003SepXX,2016 Mar
2016Oct01,2015 Dec 20
2007Aug15,2015
2016MayXX,2003 Sep
2016JunXX,2016 Oct 01
2016AprXX,2007 Aug 15
2016MayXX,2016 May
2016Mar01,2016 Jun
2016SepXX,2016 Apr
2016Feb23,2016 May
2016May01,2016 Mar 01
2016MarXX,2016 Sep
2016MarXX,2016 Feb 23
2016Mar16,2016 May 01
2016XXXX,2016 Mar
2016Jun05,2016 Mar
2016JulXX,2016 Mar 16
2016MayXX,2016
2016Aug10,2016 Jun 05
2016May12,2016 Jul
2016Oct15,2016 May
2013Mar01,2016 Aug 10
2015FebXX,2016 May 12
2016XXXX,2016 Oct 15
2012XXXX,2013 Mar 01
2015XXXX,2015 Feb
2016AugXX,2016
2016May01,2012
2016MayXX,2015
2016OctXX,2016 Aug
2016JulXX,2016 May 01
2016AugXX,2016 May
2016XXXX,2016 Oct
2014MarXX,2016 Jul
2016SepXX,2016 Aug
2016JunXX,2016
2017JanXX,2014 Mar
2016DecXX,2016 Sep
2016JulXX,2016 Jun
2016NovXX,2017 Jan
2016XXXX,2016 Dec
2016Jun28,2016 Jul
2016Aug11,2016 Nov
2016OctXX,2016
2016Jun23,2016 Jun 28
2016Sep09,2016 Aug 11
2016Sep27,2016 Oct
2016Sep05,2016 Jun 23
2016Nov20,2016 Sep 09
2016XXXX,2016 Sep 27
2016NovXX,2016 Sep 05
2017JanXX,2016 Nov 20
2016Nov01,2016
2014AugXX,2016 Nov
2016Nov15,2017 Jan
2015Aug21,2016 Nov 01
2015SepXX,2014 Aug
2016Nov08,2016 Nov 15
2016XXXX,2015 Aug 21
2016Nov10,2015 Sep
2017Jan08,2016 Nov 08
2016Nov14,2016
2016Dec15,2016 Nov 10
2017Jan08,2017 Jan 08
2016DecXX,2016 Nov 14
2017AprXX,2016 Dec 15
2017MayXX,2017 Jan 08
2017Jan01,2016 Dec
2016NovXX,2017 Apr
2016NovXX,2017 May
2017MarXX,2017 Jan 01
2016Nov04,2016 Nov
2017Jan01,2016 Nov
2016Nov02,2017 Mar
2016Oct01,2016 Nov 04
2016XXXX,2017 Jan 01
2016Oct18,2016 Nov 02
2016NovXX,2016 Oct 01
2017JanXX,2016
2016Nov16,2016 Oct 18
2016Nov22,2016 Nov
2016Oct12,2017 Jan
2017Feb01,2016 Nov 16
2017XXXX,2016 Nov 22
2017Jan10,2016 Oct 12
2017Jan21,2017 Feb 01
2017May06,2017
2017MayXX,2017 Jan 10
2017XXXX,2017 Jan 21
2017AprXX,2017 May 06
2017Jan29,2017 May
2006Aug25,2017
2017Jan15,2017 Apr
2017FebXX,2017 Jan 29
2017Jan29,2006 Aug 25
2017FebXX,2017 Jan 15
2017Mar11,2017 Feb
2017MayXX,2017 Jan 29
2017Mar08,2017 Feb
2017Mar02,2017 Mar 11
2008NovXX,2017 May
2015Aug06,2017 Mar 08
2012XXXX,2017 Mar 02
2012Feb15,2008 Nov
2015Aug19,2015 Aug 06
2014Dec16,2012
2017Sep01,2012 Feb 15
2017OctXX,2015 Aug 19
2017Jul19,2014 Dec 16
2017Jul19,2017 Sep 01
2017Jun26,2017 Oct
2017Jul19,2017 Jul 19
2017JulXX,2017 Jul 19
2017MayXX,2017 Jun 26
2017MayXX,2017 Jul 19
2017May02,2017 Jul
2017JunXX,2017 May
2017May30,2017 May
2017Jun06,2017 May 02
2017Jun01,2017 Jun
2017XXXX,2017 May 30
2017AugXX,2017 Jun 06
2017MayXX,2017 Jun 01
2017AugXX,2017
2017XXXX,2017 Aug
2017MayXX,2018 Oct 2
2017AprXX,2017 May
2017Sep10,2017 Aug
2017AugXX,2017
2017AugXX,2017 May
2012Feb20,2017 Apr
2017Sep15,2017 Sep 10
2017Aug01,2017 Aug
2017Sep01,2017 Aug
2017OctXX,2012 Feb 20
2017DecXX,2017 Sep 15
2017Aug16,2017 Aug 01
2018FebXX,2017 Sep 01
2017AugXX,2017 Oct
2016Mar07,2017 Dec
2018Jan15,2017 Aug 16
2017OctXX,2018 Feb
2017Sep28,2017 Aug
2017JulXX,2016 Mar 07
2018AprXX,2018 Jan 15
2017NovXX,2017 Oct
2017Aug01,2017 Sep 28
2017Aug25,2017 Jul
2017Sep15,2018 Apr
2017XXXX,2017 Nov
2017Nov01,2017 Aug 01
2017Dec31,2017 Aug 25
2017Aug19,2017 Sep 15
2017AugXX,2017
2017Oct06,2017 Nov 01
2017Nov19,2017 Dec 31
2017Nov13,2017 Aug 19
2018JanXX,2017 Aug
2013Jan01,2017 Oct 06
2017Jan17,2017 Nov 19
2014MarXX,2017 Nov 13
2001NovXX,2018 Jan
2017Oct17,2013 Jan 01
2017Oct03,2017 Jan 17
2017Nov10,2014 Mar
2018Jan04,2001 Nov
2017Nov07,2017 Oct 17
2017DecXX,2017 Oct 03
2018FebXX,2017 Nov 10
2018Jan03,2018 Jan 04
2017DecXX,2017 Nov 07
2017Oct20,2017 Dec
2017DecXX,2018 Feb
2018Mar01,2018 Jan 03
2018May30,2017 Dec
2018Mar14,2017 Oct 20
2018JunXX,2017 Dec
2018Apr12,2018 Mar 01
2018MayXX,2018 May 30
2018Feb08,2018 Mar 14
2018Feb12,2018 Jun
2018Feb12,2018 Apr 12
2018MayXX,2018 May
2018XXXX,2018 Feb 08
2018Feb20,2018 Feb 12
2018Apr01,2018 Feb 12
2018JanXX,2018 May
2018Jan12,2018
2018XXXX,2018 Feb 20
2018XXXX,2018 Apr 01
2018Jan04,2018 Jan
2019JanXX,2018 Jan 12
2018Oct05,2018
2018Jun01,2018
2018AugXX,2018 Jan 04
2018Jun06,2019 Jan
2018May30,2018 Oct 05
2018AprXX,2018 Jun 01
2018May29,2018 Aug
2018Jul10,2018 Jun 06
2018Jun25,2018 May 30
2017Dec01,2018 Apr
2017XXXX,2018 May 29
2016JulXX,2018 Jul 10
2018Apr25,2018 Jun 25
2018XXXX,2017 Dec 01
2018Apr17,2017
2018Mar30,2016 Jul
2018Jun28,2018 Apr 25
2018XXXX,2018
2018Jul02,2018 Apr 17
2018XXXX,2018 Mar 30
2015Feb24,2018 Jun 28
2018XXXX,2018
2012Dec15,2018 Jul 02
2018XXXX,2018
unknownXX,2015 Feb 24
